Timestamp,language
10/6/2023 17:23:23,Python
10/6/2023 17:24:01,Java
10/6/2023 17:24:39,C++
10/6/2023 17:25:17,JavaScript
10/6/2023 17:25:55,Python
10/6/2023 17:26:33,C
10/6/2023 17:27:11,Python
10/6/2023 17:27:49,Java
10/6/2023 17:28:27,C++
10/6/2023 17:29:05,JavaScript
10/6/2023 17:29:43,Python
10/6/2023 17:30:21,C
10/6/2023 17:30:59,Java
10/6/2023 17:31:37,Python
10/6/2023 17:32:15,C++
10/6/2023 17:32:53,JavaScript
10/6/2023 17:32:55,Java
10/6/2023 17:32:56,Java
10/6/2023 17:33:31,Python
10/6/2023 17:34:09,C
10/6/2023 17:34:47,Java
10/6/2023 17:35:25,Python
10/6/2023 17:36:03,C++
10/6/2023 17:37:19,Python
10/6/2023 17:38:35,Java
10/6/2023 17:39:13,Python
10/6/2023 17:39:51,C++
10/6/2023 17:40:29,JavaScript
10/6/2023 17:41:07,Python
10/6/2023 17:41:45,C
10/6/2023 17:42:23,Java
10/6/2023 17:43:01,Python
10/6/2023 17:43:39,C++
10/6/2023 17:44:17,JavaScript
10/6/2023 17:44:55,Python
10/6/2023 17:45:33,C
10/6/2023 17:46:11,Java
10/6/2023 17:46:49,Python
10/6/2023 17:47:27,C++
10/6/2023 17:48:05,JavaScript
10/6/2023 17:48:43,Python
10/6/2023 17:49:21,C
10/6/2023 17:49:59,Java
10/6/2023 17:50:37,Python
10/6/2023 17:51:15,C++
10/6/2023 17:51:53,JavaScript
10/6/2023 17:52:31,Python
10/6/2023 17:53:09,C
10/6/2023 17:53:47,Java
10/6/2023 17:54:25,Python
10/6/2023 17:55:03,C++
10/6/2023 17:55:41,JavaScript
10/6/2023 17:56:19,Python
10/6/2023 17:56:57,C
10/6/2023 17:57:35,Java
10/6/2023 17:58:13,Python
10/6/2023 17:58:51,C++
10/6/2023 17:59:29,JavaScript
10/6/2023 18:00:07,Python
10/6/2023 18:00:45,C
10/6/2023 18:01:23,Java
10/6/2023 18:02:01,Python
10/6/2023 18:02:39,C++
10/6/2023 18:03:17,JavaScript
10/6/2023 18:03:55,Python
10/6/2023 18:04:33,C
10/6/2023 18:05:11,Java
10/6/2023 18:05:49,Python
10/6/2023 18:06:27,C++
10/6/2023 18:07:05,JavaScript
10/6/2023 18:07:43,Python
10/6/2023 18:08:21,C
10/6/2023 18:08:59,Java
10/6/2023 18:09:37,Python
10/6/2023 18:10:15,C++
10/6/2023 18:10:53,JavaScript
10/6/2023 18:11:31,Python
10/6/2023 18:12:09,C
10/6/2023 18:12:47,Java
10/6/2023 18:13:25,Python
10/6/2023 18:14:03,C++
10/6/2023 18:14:41,JavaScript
10/6/2023 18:15:19,Python
10/6/2023 18:15:57,C
10/6/2023 18:16:35,Java
10/6/2023 18:17:13,Python
10/6/2023 18:17:51,C++
10/6/2023 18:18:29,JavaScript
10/6/2023 18:19:07,Python
10/6/2023 18:19:45,C
10/6/2023 18:20:23,Java
10/6/2023 18:21:01,Python
10/6/2023 18:21:39,C++
10/6/2023 18:22:17,JavaScript
10/6/2023 18:22:55,Python
10/6/2023 18:23:33,C
10/6/2023 18:24:11,Java
10/6/2023 18:24:49,Python
10/6/2023 18:25:27,C++
10/6/2023 18:26:05,JavaScript
10/6/2023 18:26:43,Python
10/6/2023 18:27:21,C
10/6/2023 18:27:59,Java
10/6/2023 18:28:37,Python
10/6/2023 18:29:15,C++
10/6/2023 18:29:53,JavaScript
10/6/2023 18:30:31,Python
10/6/2023 18:31:09,C
10/6/2023 18:31:47,Java
10/6/2023 18:32:25,Python
10/6/2023 18:33:03,C++
10/6/2023 18:33:41,JavaScript
10/6/2023 18:34:19,Python
10/6/2023 18:34:57,C
10/6/2023 18:35:35,Java
10/6/2023 18:36:13,Python
10/6/2023 18:36:51,C++
10/6/2023 18:37:29,JavaScript
10/6/2023 18:38:07,Python
10/6/2023 18:38:45,C
10/6/2023 18:39:23,Java
10/6/2023 18:40:01,Python
10/6/2023 18:40:39,C++
10/6/2023 18:41:17,JavaScript
10/6/2023 18:41:55,Python
10/6/2023 18:42:33,C
10/6/2023 18:43:11,Java
10/6/2023 18:43:49,Python
10/6/2023 18:44:27,C++
10/6/2023 18:45:05,JavaScript
10/6/2023 18:45:43,Python
10/6/2023 18:46:21,C
10/6/2023 18:46:59,Java
10/6/2023 18:47:37,Python
10/6/2023 18:48:15,C++
10/6/2023 18:48:53,JavaScript
10/6/2023 18:49:31,Python
10/6/2023 18:50:09,C
10/6/2023 18:50:47,Java
10/6/2023 18:51:25,Python
10/6/2023 18:52:03,C++
10/6/2023 18:52:41,JavaScript
10/6/2023 18:53:19,Python
10/6/2023 18:53:57,C
10/6/2023 18:54:35,Java
10/6/2023 18:55:13,Python
10/6/2023 18:55:51,C++
10/6/2023 18:56:29,JavaScript
10/6/2023 18:57:07,Python
10/6/2023 18:57:45,C
10/6/2023 18:58:23,Java
10/6/2023 18:59:01,Python
10/6/2023 18:59:39,C++
10/6/2023 19:00:17,JavaScript
10/6/2023 19:00:55,Python
10/6/2023 19:01:33,C
10/6/2023 19:02:11,Java
10/6/2023 19:02:49,Python
10/6/2023 19:03:27,C++
10/6/2023 19:04:05,JavaScript
10/6/2023 19:04:43,Python
10/6/2023 19:05:21,C
10/6/2023 19:05:59,Java
10/6/2023 19:06:37,Python
10/6/2023 19:07:15,C++
10/6/2023 19:07:53,JavaScript
10/6/2023 19:08:31,Python
10/6/2023 19:09:09,C
10/6/2023 19:09:47,Java
10/6/2023 19:10:25,Python
10/6/2023 19:11:03,C++
10/6/2023 19:11:41,JavaScript
10/6/2023 19:12:19,Python
10/6/2023 19:12:57,C
10/6/2023 19:13:35,Java
10/6/2023 19:14:13,Python
10/6/2023 19:14:51,C++
10/6/2023 19:15:29,JavaScript
10/6/2023 19:16:07,Python
10/6/2023 19:16:45,C
10/6/2023 19:17:23,Java
10/6/2023 19:18:01,Python
10/6/2023 19:18:39,C++
10/6/2023 19:19:17,JavaScript
10/6/2023 19:19:55,Python
10/6/2023 19:20:33,C
10/6/2023 19:21:11,Java
10/6/2023 19:21:49,Python
10/6/2023 19:22:27,C++
10/6/2023 19:23:05,JavaScript
10/6/2023 19:23:43,Python
10/6/2023 19:24:21,C
10/6/2023 19:24:59,Java
10/6/2023 19:25:37,Python
10/6/2023 19:26:15,C++
10/6/2023 19:26:53,JavaScript
10/6/2023 19:27:31,Python
10/6/2023 19:28:09,C
10/6/2023 19:28:47,Java
10/6/2023 19:29:25,Python
10/6/2023 19:30:03,C++
10/6/2023 19:30:41,JavaScript
10/6/2023 19:31:19,Python
10/6/2023 19:31:57,C
10/6/2023 19:32:35,Java
10/6/2023 19:33:13,Python
10/6/2023 19:33:51,C++
10/6/2023 19:34:29,JavaScript
10/6/2023 19:35:07,Python
10/6/2023 19:35:45,C
10/6/2023 19:36:23,Java
10/6/2023 19:37:01,Python
10/6/2023 19:37:39,C++
10/6/2023 19:38:17,JavaScript
10/6/2023 19:38:55,Python
10/6/2023 19:39:33,C
10/6/2023 19:40:11,Java
10/6/2023 19:40:49,Python
10/6/2023 19:41:27,C++
10/6/2023 19:42:05,JavaScript
10/6/2023 19:42:43,Python
10/6/2023 19:43:21,C
10/6/2023 19:43:59,Java
10/6/2023 19:44:37,Python
10/6/2023 19:45:15,C++
10/6/2023 19:45:53,JavaScript
10/6/2023 19:46:31,Python
10/6/2023 19:47:09,C
10/6/2023 19:47:47,Java
10/6/2023 19:48:25,Python
10/6/2023 19:49:03,C++
10/6/2023 19:49:41,JavaScript
10/6/2023 19:50:19,Python
10/6/2023 19:50:57,C
10/6/2023 19:51:35,Java
10/6/2023 19:52:13,Python
10/6/2023 19:52:51,C++
10/6/2023 19:53:29,JavaScript
10/6/2023 19:54:07,Python
10/6/2023 19:54:45,C
10/6/2023 19:55:23,Java
10/6/2023 19:56:01,Python
10/6/2023 19:56:39,C++
10/6/2023 19:57:17,JavaScript
10/6/2023 19:57:55,Python
10/6/2023 19:58:33,C
10/6/2023 19:59:11,Java
10/6/2023 19:59:49,Python
10/6/2023 20:00:27,C++
10/6/2023 20:01:05,JavaScript
10/6/2023 20:01:43,Python
10/6/2023 20:02:21,C
10/6/2023 20:02:59,Java
10/6/2023 20:03:37,Python
10/6/2023 20:04:15,C++
10/6/2023 20:04:53,JavaScript
10/6/2023 20:05:31,Python
10/6/2023 20:06:09,C
10/6/2023 20:06:47,Java
10/6/2023 20:07:25,Python
10/6/2023 20:08:03,C++
10/6/2023 20:08:41,JavaScript
10/6/2023 20:09:19,Python
